{"cameraMode":{"drawMode":0,"name":"Shaded","section":"Shading Mode"},"sceneLighting":true,"audioPlay":false,"sceneViewState":{"m_AlwaysRefresh":false,"showFog":true,"showSkybox":true,"showFlares":true,"showImageEffects":true,"showParticleSystems":true,"showVisualEffectGraphs":true,"m_FxEnabled":false},"in2DMode":false,"pivot":{"x":148.39437866210938,"y":-24.613983154296876,"z":532.0681762695313},"rotation":{"x":-0.22070948779582978,"y":0.10277195274829865,"z":-0.023393327370285989,"w":-0.9696275591850281},"size":524.3070068359375,"orthographic":false}