{"cameraMode":{"drawMode":0,"name":"Shaded","section":"Shading Mode"},"sceneLighting":false,"audioPlay":false,"sceneViewState":{"m_AlwaysRefresh":false,"showFog":true,"showSkybox":false,"showFlares":true,"showImageEffects":true,"showParticleSystems":true,"showVisualEffectGraphs":true,"m_FxEnabled":false},"in2DMode":false,"pivot":{"x":0.11621977388858795,"y":1.0571482181549073,"z":1.6919522285461426},"rotation":{"x":0.05547114834189415,"y":0.0029953797347843649,"z":-0.00016640182002447546,"w":0.9984538555145264},"size":2.1226272583007814,"orthographic":false}