{"cameraMode":{"drawMode":0,"name":"Shaded","section":"Shading Mode"},"sceneLighting":false,"audioPlay":false,"sceneViewState":{"m_AlwaysRefresh":false,"showFog":true,"showSkybox":false,"showFlares":true,"showImageEffects":true,"showParticleSystems":true,"showVisualEffectGraphs":true,"m_FxEnabled":false},"in2DMode":false,"pivot":{"x":1.3699356317520142,"y":4.314737319946289,"z":-6.326071262359619},"rotation":{"x":0.0011710911057889462,"y":-0.0061891949735581879,"z":0.000006199643394211307,"w":0.9999732375144959},"size":1.0633302927017213,"orthographic":false}