{"cameraMode":{"drawMode":0,"name":"Shaded","section":"Shading Mode"},"sceneLighting":false,"audioPlay":false,"sceneViewState":{"m_AlwaysRefresh":false,"showFog":true,"showSkybox":false,"showFlares":true,"showImageEffects":true,"showParticleSystems":true,"showVisualEffectGraphs":true,"m_FxEnabled":false},"in2DMode":false,"pivot":{"x":0.11988543719053269,"y":0.6998807787895203,"z":1.4061768054962159},"rotation":{"x":0.10062767565250397,"y":0.013426871970295906,"z":-0.0013502308866009117,"w":0.9948170185089111},"size":1.8692336082458497,"orthographic":false}