{"cameraMode":{"drawMode":0,"name":"Shaded","section":"Shading Mode"},"sceneLighting":false,"audioPlay":false,"sceneViewState":{"m_AlwaysRefresh":false,"showFog":true,"showSkybox":false,"showFlares":true,"showImageEffects":true,"showParticleSystems":true,"showVisualEffectGraphs":true,"m_FxEnabled":false},"in2DMode":false,"pivot":{"x":0.055781297385692599,"y":1.043809175491333,"z":0.009997129440307618},"rotation":{"x":0.10212699323892594,"y":-0.0077782077714800838,"z":0.0008111487259157002,"w":0.9947394132614136},"size":1.1625401973724366,"orthographic":false}