{"cameraMode":{"drawMode":0,"name":"Shaded","section":"Shading Mode"},"sceneLighting":false,"audioPlay":false,"sceneViewState":{"m_AlwaysRefresh":false,"showFog":true,"showSkybox":false,"showFlares":true,"showImageEffects":true,"showParticleSystems":true,"showVisualEffectGraphs":true,"m_FxEnabled":false},"in2DMode":false,"pivot":{"x":0.016144096851348878,"y":0.8643569946289063,"z":0.05000000447034836},"rotation":{"x":0.23646493256092072,"y":0.02477002702653408,"z":-0.006024220027029514,"w":0.9712895154953003},"size":2.2019214630126955,"orthographic":false}