{"cameraMode":{"drawMode":0,"name":"Shaded","section":"Shading Mode"},"sceneLighting":false,"audioPlay":false,"sceneViewState":{"m_AlwaysRefresh":false,"showFog":true,"showSkybox":false,"showFlares":true,"showImageEffects":true,"showParticleSystems":true,"showVisualEffectGraphs":true,"m_FxEnabled":false},"in2DMode":false,"pivot":{"x":-0.14785635471343995,"y":1.0334041118621827,"z":-4.410512924194336},"rotation":{"x":-0.005104259587824345,"y":-0.9905860424041748,"z":0.13119064271450044,"w":-0.03854655846953392},"size":4.389530658721924,"orthographic":false}