{"cameraMode":{"drawMode":0,"name":"Shaded","section":"Shading Mode"},"sceneLighting":false,"audioPlay":false,"sceneViewState":{"m_AlwaysRefresh":false,"showFog":true,"showSkybox":false,"showFlares":true,"showImageEffects":true,"showParticleSystems":true,"showVisualEffectGraphs":true,"m_FxEnabled":false},"in2DMode":false,"pivot":{"x":-0.10252685844898224,"y":1.9910188913345338,"z":0.0010297298431396485},"rotation":{"x":0.0011710911057889462,"y":-0.0061891949735581879,"z":0.000006199643394211307,"w":0.9999732375144959},"size":1.7980852127075196,"orthographic":false}