{"cameraMode":{"drawMode":0,"name":"Shaded","section":"Shading Mode"},"sceneLighting":false,"audioPlay":false,"sceneViewState":{"m_AlwaysRefresh":false,"showFog":true,"showSkybox":false,"showFlares":true,"showImageEffects":true,"showParticleSystems":true,"showVisualEffectGraphs":true,"m_FxEnabled":false},"in2DMode":false,"pivot":{"x":0.05127347633242607,"y":1.2851141691207886,"z":0.2636599540710449},"rotation":{"x":0.04079728573560715,"y":0.002992873312905431,"z":-0.0001171514013549313,"w":0.9991466999053955},"size":1.5121792554855347,"orthographic":false}